model,llama,mistral7b,mixtral,qwen
llama,1.0,0.45346826164098875,0.32748781822361756,0.09646292637757689
mistral7b,0.45346826164098875,1.0,0.4558457483885435,0.025895770238097967
mixtral,0.32748781822361756,0.4558457483885435,1.0,-0.133960645627787
qwen,0.09646292637757689,0.025895770238097967,-0.133960645627787,1.0
