model,llama,mistral7b,mixtral,qwen
llama,1.0,0.3629443647995699,0.2670237792231006,0.31800348087514146
mistral7b,0.3629443647995699,1.0,0.3126575585287894,0.16896528373739478
mixtral,0.2670237792231006,0.3126575585287894,1.0,0.15032153699248652
qwen,0.31800348087514146,0.16896528373739478,0.15032153699248652,1.0
