model,dataset,n_correct,n_incorrect,mean_correct,mean_incorrect,t_stat,p_value,cohens_d,significant,alpha
llama,gsm8k,201,50,0.2450552894539863,0.2798044494862729,1.187679756495706,0.23856667023269604,0.18258202452243524,False,0.0016666666666666668
llama,mmlu,628,371,0.3446878664314479,0.37578338739961137,2.6441106516637993,0.008361135475544776,0.17484362251484104,False,0.0016666666666666668
qwen3b,gsm8k,360,79,0.41324446101963525,0.42188596335831624,3.1720544989291466,0.0020007361206239014,0.44923541315476534,False,0.0016666666666666668
qwen3b,mmlu,627,373,0.4509648741763884,0.4609469277399766,0.7483581275543191,0.45446613886592324,0.048718791692143396,False,0.0016666666666666668
qwen3b,truthfulqa,194,306,0.4436699087224694,0.4354487009728966,-0.8211372106080392,0.4119611078309648,-0.06825699788756863,False,0.0016666666666666668
