model,dataset,baseline_auroc_lr,full_auroc_lr,full_auroc_gb,delta_lr,delta_gb,n_samples,n_baseline_features,n_full_features
llama,gsm8k,0.6080243902439024,0.6442560975609757,0.6240365853658536,0.03623170731707326,0.016012195121951178,251,3,30
llama,mmlu,0.5607136782496782,0.6313036945516947,0.6213884444444445,0.07059001630201645,0.060674766194766305,999,3,30
qwen3b,gsm8k,0.7492708333333333,0.7985532407407406,0.7594560185185184,0.0492824074074073,0.010185185185185075,439,3,30
qwen3b,mmlu,0.5085311025311026,0.6122351951951952,0.5803486640926641,0.10370409266409264,0.0718175615615615,1000,3,30
qwen3b,truthfulqa,0.7404808700349906,0.730575044371699,0.7568472293290686,-0.009905825663291679,0.016366359294077926,500,3,30
